{"meta": {"version": "7.3.4", "timestamp": "2023-12-27T09:33:14.477291", "branch_coverage": false, "show_contexts": false}, "files": {"agent/__init__.py": {"executed_lines": [1], "summary": {"covered_lines": 0, "num_statements": 0, "percent_covered": 100.0, "percent_covered_display": "100", "missing_lines": 0, "excluded_lines": 0}, "missing_lines": [], "excluded_lines": []}, "agent/core.py": {"executed_lines": [1, 6, 7, 9, 11, 12, 13, 14, 22, 23, 24, 25, 26, 29, 34, 37, 39, 42, 45, 46, 47, 48, 51, 54, 57, 59, 61, 62, 65, 70, 71, 72, 73, 74, 75, 78, 83, 86, 88, 89, 92, 93, 94, 96, 98, 99, 101, 103, 104, 107, 108, 111, 112, 114, 115, 116, 118, 119, 122, 127, 130, 132, 133, 134, 135, 137, 138, 139, 141, 142, 147, 149, 150, 151, 152, 155, 164, 168, 171, 173, 174, 175, 178, 179, 182, 190, 191, 192, 193, 194, 195, 196, 199, 201, 202, 204, 207, 208, 209, 212, 217, 218, 229, 231, 232, 234, 235, 239, 240, 242, 243, 245, 246, 248, 249, 251, 252, 255, 258, 259, 262, 264, 266, 269, 270, 273, 276, 277, 280, 283, 284, 287, 293, 295, 296, 297, 298, 299, 300, 303, 304, 305, 308, 309, 310, 311, 314, 330], "summary": {"covered_lines": 147, "num_statements": 196, "percent_covered": 75.0, "percent_covered_display": "75", "missing_lines": 49, "excluded_lines": 0}, "missing_lines": [66, 69, 102, 143, 144, 169, 170, 205, 213, 214, 219, 220, 222, 223, 224, 225, 226, 236, 237, 294, 315, 316, 317, 318, 319, 320, 321, 322, 324, 325, 326, 327, 333, 334, 336, 338, 339, 340, 342, 344, 345, 346, 347, 349, 350, 351, 353, 354, 355], "excluded_lines": []}, "agent/loop.py": {"executed_lines": [1, 3, 4, 5, 8, 9, 11, 14, 24], "summary": {"covered_lines": 8, "num_statements": 17, "percent_covered": 47.05882352941177, "percent_covered_display": "47", "missing_lines": 9, "excluded_lines": 0}, "missing_lines": [15, 16, 18, 19, 20, 21, 25, 26, 27], "excluded_lines": []}, "agent/test_analysis.py": {"executed_lines": [1, 4, 6, 7, 10, 22, 25, 26, 29, 31, 37, 47, 48, 49, 50, 54, 61, 62, 66, 75, 126], "summary": {"covered_lines": 20, "num_statements": 66, "percent_covered": 30.303030303030305, "percent_covered_display": "30", "missing_lines": 46, "excluded_lines": 0}, "missing_lines": [51, 67, 68, 69, 70, 71, 72, 73, 76, 77, 78, 80, 81, 82, 83, 84, 85, 86, 87, 88, 89, 90, 95, 96, 97, 98, 103, 106, 107, 108, 109, 111, 112, 113, 114, 115, 116, 117, 118, 119, 120, 121, 122, 123, 124, 125], "excluded_lines": []}, "code_management/__init__.py": {"executed_lines": [1], "summary": {"covered_lines": 0, "num_statements": 0, "percent_covered": 100.0, "percent_covered_display": "100", "missing_lines": 0, "excluded_lines": 0}, "missing_lines": [], "excluded_lines": []}, "code_management/code_database.py": {"executed_lines": [1, 3, 4, 12, 14, 17, 18, 20, 21, 22, 23, 24, 25, 27, 28, 29, 30, 31, 33, 34, 36, 40, 44, 49, 50, 52, 54, 59, 61, 67, 68, 70, 71, 73, 74, 75, 78, 79, 81, 85, 91, 92, 94, 96, 99, 102, 105, 106, 108, 112, 113, 117, 123, 124, 125, 126, 127, 129, 133, 134, 135, 138, 139, 140, 143, 144, 145, 148, 154, 157, 159, 160, 161, 164, 178, 180, 181, 182, 192, 195, 209, 216, 218, 219, 220, 221, 225, 226, 227, 228, 229, 230, 231, 232, 233, 255], "summary": {"covered_lines": 91, "num_statements": 135, "percent_covered": 67.4074074074074, "percent_covered_display": "67", "missing_lines": 44, "excluded_lines": 0}, "missing_lines": [38, 42, 46, 63, 64, 87, 88, 115, 119, 120, 130, 167, 169, 170, 172, 174, 175, 203, 204, 205, 206, 211, 212, 213, 222, 223, 224, 234, 235, 236, 237, 238, 239, 240, 241, 242, 243, 249, 250, 251, 252, 257, 258, 259], "excluded_lines": []}, "code_management/code_reader.py": {"executed_lines": [1, 4, 5, 6, 8, 10, 11, 12, 13, 16, 26, 27, 28, 29, 32, 43, 44, 45, 48, 51, 61, 62, 63, 64, 67, 79, 80, 81, 82, 83, 84, 85, 86, 87, 90, 98, 99, 100, 103, 104, 107, 108, 109, 110, 111, 112, 113, 114, 117, 118, 119, 120, 121, 122, 123, 126, 138, 139, 140, 141, 142, 152, 153, 163, 166, 167, 168, 169, 170, 171, 172, 173, 174, 175, 177, 180, 183, 188, 189, 190, 198, 199, 200, 204, 211, 218, 227, 228, 229, 230, 231, 241, 244, 247, 248, 253, 258, 263, 264, 265, 273, 276, 281, 286, 287, 288, 297, 300, 301], "summary": {"covered_lines": 108, "num_statements": 112, "percent_covered": 96.42857142857143, "percent_covered_display": "96", "missing_lines": 4, "excluded_lines": 0}, "missing_lines": [202, 205, 206, 250], "excluded_lines": []}, "code_management/code_writer.py": {"executed_lines": [1, 5, 6, 7, 10, 19, 23, 26, 28, 29, 30, 33, 34, 37, 46, 47, 50, 53, 54, 57], "summary": {"covered_lines": 19, "num_statements": 23, "percent_covered": 82.6086956521739, "percent_covered_display": "83", "missing_lines": 4, "excluded_lines": 0}, "missing_lines": [24, 25, 48, 49], "excluded_lines": []}, "code_management/coverage_checker.py": {"executed_lines": [1, 2, 3, 5, 6, 7, 8, 9, 10, 13, 16, 28, 38, 39, 40, 41, 47, 49, 50, 55, 57, 58, 59, 60, 62, 63, 66, 68, 69, 71, 74, 75, 76, 77, 78, 79, 80, 81, 82, 83, 84, 85, 86, 89, 111, 117, 162], "summary": {"covered_lines": 47, "num_statements": 80, "percent_covered": 58.75, "percent_covered_display": "59", "missing_lines": 33, "excluded_lines": 0}, "missing_lines": [18, 20, 21, 22, 24, 25, 92, 94, 98, 100, 102, 104, 106, 108, 113, 114, 120, 122, 124, 126, 127, 129, 132, 134, 145, 152, 153, 154, 155, 165, 167, 169, 171], "excluded_lines": []}, "code_management/readme_manager.py": {"executed_lines": [1, 15, 16, 18, 19, 21, 22, 23, 24, 25, 28, 38, 39, 40, 41, 42, 45, 56, 57, 58, 59, 60, 61, 62, 63, 64, 65, 68, 78, 79, 80, 81, 82, 83, 84, 85, 86, 87, 88, 91, 103, 104, 105, 106, 107, 108, 109, 112, 113, 114, 115, 116, 117, 118, 121, 122, 123, 124, 125, 128, 139, 141, 145, 148, 159, 164, 165, 168, 172, 173, 174, 177, 179, 182, 192, 194, 196, 198, 199, 204, 206, 211, 215], "summary": {"covered_lines": 82, "num_statements": 82, "percent_covered": 100.0, "percent_covered_display": "100", "missing_lines": 0, "excluded_lines": 0}, "missing_lines": [], "excluded_lines": []}, "code_management/test_writer.py": {"executed_lines": [1, 2, 3, 5, 6, 7, 8, 9, 10, 11, 12, 15, 17, 18, 21, 22, 25, 27, 28, 29, 30, 33, 35, 36, 37, 38, 39, 42, 48, 49, 52, 55, 56, 59, 69, 90, 112, 121, 122, 123, 127, 128, 130, 134, 135, 136, 145, 162, 174, 192, 209, 221], "summary": {"covered_lines": 51, "num_statements": 136, "percent_covered": 37.5, "percent_covered_display": "38", "missing_lines": 85, "excluded_lines": 0}, "missing_lines": [50, 61, 62, 63, 64, 65, 66, 74, 75, 76, 78, 80, 84, 85, 87, 94, 96, 97, 99, 101, 104, 105, 106, 109, 138, 139, 140, 141, 142, 147, 149, 151, 153, 155, 159, 168, 169, 170, 171, 183, 184, 185, 186, 187, 188, 189, 200, 201, 202, 203, 204, 205, 206, 215, 216, 217, 218, 228, 231, 232, 233, 234, 235, 237, 238, 240, 241, 243, 245, 248, 253, 255, 256, 257, 261, 262, 267, 269, 270, 276, 277, 280, 281, 284, 286], "excluded_lines": []}, "config/__init__.py": {"executed_lines": [1, 3, 5, 7, 8, 11], "summary": {"covered_lines": 6, "num_statements": 6, "percent_covered": 100.0, "percent_covered_display": "100", "missing_lines": 0, "excluded_lines": 0}, "missing_lines": [], "excluded_lines": []}, "functions.py": {"executed_lines": [1, 14, 15, 16, 18, 21, 23, 24, 25, 26, 27, 28, 29, 30, 33, 35, 36, 37, 38, 42, 43, 44, 45, 46, 47, 50, 53, 55, 56, 57, 58, 59, 60, 61, 62, 63, 64, 65, 67, 68, 70], "summary": {"covered_lines": 40, "num_statements": 41, "percent_covered": 97.5609756097561, "percent_covered_display": "98", "missing_lines": 1, "excluded_lines": 0}, "missing_lines": [66], "excluded_lines": []}, "git_management/__init__.py": {"executed_lines": [1], "summary": {"covered_lines": 0, "num_statements": 0, "percent_covered": 100.0, "percent_covered_display": "100", "missing_lines": 0, "excluded_lines": 0}, "missing_lines": [], "excluded_lines": []}, "git_management/git_handler.py": {"executed_lines": [1, 4, 5, 6, 7, 10, 11, 16, 17, 21, 23, 25, 27, 29, 30, 40, 41, 42, 43, 47, 57, 59, 66, 68, 80, 90, 92, 110, 135], "summary": {"covered_lines": 26, "num_statements": 40, "percent_covered": 65.0,